title,voice,count_answers,views,language,time,author
Как вытащить части из JSON из командной строки или bash-скрипта?,1,1,37,linuxпарсерperl,изменён 5 минут назад,sanmai
Docker не устанавливает контейнеры,0,0,3,docker,задан 10 минут назад,Egor Tokarev
Как вывести плавной прокруткой RecyclerView с отдельным TextView?,0,0,5,javaandroid,задан 21 минуту назад,Рафаэль солихов
"При x <- c(a, b, a, a, b, b) сообщает: Error: object 'a' not found (?!)",0,1,16,rrstudio,изменён 53 минуты назад,Liz_blonde
Как сделать запрос в базу данных 1С-битрикс правильно,0,1,224,битрикс,изменён 54 минуты назад,Дух сообщества
Как сделать топ 5 участников,0,1,28,pythonmysqlpython-3.x,ответ дан 55 минут назад,DGDays
SVG элемент Path не видит градиент в горизонтальном положении,2,2,42,javascriptsvgpath,изменён 1 час назад,MaximLensky
Все комбинации из n цифр по возрастанию,1,1,78,cалгоритмкомбинаторика,изменён 1 час назад,Harry
"Что означает это выражение? sex = rep (levels (sex) [1], 2)",0,0,10,rrstudio,изменён 1 час назад,Liz_blonde
"Какое число, относящееся к информатике, описано на этой странице?",-1,0,11,алгоритм,задан 1 час назад,gaak2309
Как поле “Комментарий клиента” отправлять на почту Opencart 3.0?,0,0,4,phpopencart,задан 1 час назад,AlexD
POST запрос в андроид приложении,0,2,446,androidpostрегистрация,изменён 1 час назад,Дух сообщества
Блок “Поделиться” от Яндекс не отображается,0,0,9,javascriptshareya-share2,задан 2 часа назад,user370191
Java Socket передача объекта класса от клиента серверу,0,0,11,java,задан 2 часа назад,sam
помогите с кодом на C++ Invalid arguments Semantic Error,0,0,7,c++linuxvalueerror,задан 2 часа назад,thanksForWathing
Не работает ctrl+/ и ctrl+shift+/ в Sublime Text 3?,1,1,665,sublime-texthotkeys,изменён 2 часа назад,Дух сообщества
"Telegram API, Send Multiple Photo",0,0,5,pythonpython-3.xtelegram-bottelegram-api,задан 3 часа назад,Евгений
Циклическая отправка сообщений ботом ВКонтакте,0,1,285,phpвконтактебот,изменён 3 часа назад,Дух сообщества
математические операции внутри вектора,0,1,7,rrstudio,ответ дан 4 часа назад,Vladimir Afanasyev
"Position Fixed, как сделать сдвиг только после определенного момента?",0,0,9,htmlcss,задан 4 часа назад,FizianAdi
как правильно сделать отображение Показ 1–5 из 11 Результата? Laravel,0,0,9,laravel-5.8,изменён 4 часа назад,junior
Беспрерывное воспроизведение видео в wpf,2,1,306,c#.netwpf,изменён 4 часа назад,Дух сообщества
"парсинг olx.ua с помощью Python,beautifulsoup,requests",0,2,558,pythonpython-3.xпарсерrequestsbeautiful-soup,ответ дан 4 часа назад,Keler
проблема с self.image = pygame.draw.circle,1,2,15,pythonpygame,ответ дан 5 часов назад,S. Nick
Django меню не отображается!,0,1,12,python-3.xdjangoviews,ответ дан 5 часов назад,eri
Добавить пользователю сайта возможность опубликовывать что он хочет,0,1,21,pythondjangosite,ответ дан 5 часов назад,eri
Сортировка записей по рейтингу kk Star Ratings,0,0,7,wordpressсортировка,задан 5 часов назад,betalek
"Yii 2, при message/extract, все поля message.translation NULL",0,1,450,phpyii2,изменён 5 часов назад,Дух сообщества
Как добавить элементы в двусвязный список?,0,1,33,c++структурыдвусвязный-список,изменён 6 часов назад,Vladimir Afanasyev
Как отправить значение из QWidget в QThread?,1,2,31,pythonpyqt5pyside2,изменён 6 часов назад,S. Nick
фильтр feComposite не работает,0,0,7,svg,задан 6 часов назад,Leks
Странное поведение данных из API при использовании Retrofit и Coroutines,0,0,3,coroutine,задан 6 часов назад,Serggio Lysenko
post get запросы,0,0,11,php,задан 6 часов назад,daladn0
Как правильно вызвать асинхронный запрос в react?,0,2,22,javascriptreactjstypescript,изменён 6 часов назад,YakovL
Symfony переход с 3.4 на 4+,0,0,5,symfonysymfony3symfony4,задан 6 часов назад,zalex
Сохранение десериализованного агрегата Doctrine,1,0,7,phpdoctrine2,задан 6 часов назад,Денис Нестерюк
Перекомпиляция TS и перезапуск сервера на Koa.js,0,0,9,node.jstypescriptkoa.js,задан 6 часов назад,Dmitry Filippov
Как правильно передать JSON в метод пост для тестирования?,0,1,293,javajsonpostjunit,изменён 6 часов назад,Дух сообщества
Клиент-серверное приложение в Android,0,0,14,javaandroidбаза-данныхphpmyadminклиент-сервер,изменён 7 часов назад,Эникейщик
Kак изменить цвет половины текста в Text View,0,1,15,androidtextviewтекстandroid-textview,изменён 7 часов назад,Эникейщик
Как правильно разместить такие стрелки?,2,3,60,htmlcsscss3html5вёрстка,изменён 7 часов назад,Sevastopol'
Как сверстать элемент с закругленным углом?,1,1,45,htmlcsssvg,изменён 7 часов назад,Sevastopol'
Вывод контента из firebase в angular component через routing в product-details,0,0,6,firebase-database,задан 7 часов назад,vlanger
Некорректно работает AJAX пагинация,0,0,7,javascriptajaxdjango,задан 7 часов назад,Daniil1703
"php сокеты, ошибка использования socket_connect",0,0,12,javascriptphpwebsocketвеб-сервер,изменён 7 часов назад,YakovL
Как вращать куб по центру?,5,1,71,javascriptcss,изменён 7 часов назад,Stranger in the Q
Почему вызывается метод onDetach при возвращении к предыдущему фрагменту в стеке фрагментов?,0,1,21,androidandroid-fragment,ответ дан 7 часов назад,Lounah
После обновления symfony сломалась авторизация,0,0,7,phpsymfony,задан 7 часов назад,F. Tomas
Перевести с QPILE ( интерпретируемый командный язык “якобы” основан на VBScript) на JScript,0,0,12,javascript,задан 7 часов назад,Александр_3
Привязка “человечка” к улице в Google Street View,0,0,5,google-maps,задан 7 часов назад,Andrei Andrei Pedash
Выравнивание текста по вертикальному центру,0,1,19,htmlcss,изменён 7 часов назад,Stranger in the Q
Класс для работы с сетью Swift,0,1,217,iosswiftswift3swift4,изменён 7 часов назад,Дух сообщества
При попытке закачки файла появляется надпись: “Точка входа в процедуру EtwGetTraceLoggerHandle не найдена в библиотеке DLL ntdll.dl”l,0,0,5,файлы,задан 8 часов назад,Андрей
Как подписаться на изменения стора redux используя react hooks,0,0,4,reactjsredux,задан 8 часов назад,Program Dev
Как передать список в аргумент функции Python,1,1,21,pythonфункциисписок,изменён 8 часов назад,UserName
Связь андроид с онлайн базой данных,0,1,21,phpjavaandroidmysql,ответ дан 8 часов назад,Руслан Ягупов
в DAX есть функция EARLIAR. 'Query result'[ID]=EARLIER('Query result'[ID]) как это можно написать в SQL?,0,0,9,mysql,задан 8 часов назад,user370177
Установка Siebel,0,0,5,windowsoracle,задан 8 часов назад,Владимир Жуков
Селекторы jQuery - Выборка элементов по значению атрибута,2,3,566,jquery,изменён 8 часов назад,Дух сообщества
Expression expected,-1,1,20,java,изменён 8 часов назад,Miron
Нет подходящего драйвера mysql к java,0,0,16,javamysqlintellij-ideamysqlconnector,изменён 9 часов назад,Артём Курилко
Не работает proxy в React (http-proxy-middleware),0,2,25,javascriptreactjstomcatproxyhttp-status-code-404,ответ дан 9 часов назад,Дмитрий
std::regex_match не находит вхождений,2,1,64,c++регулярные-выраженияc++11std-regex,изменён 9 часов назад,Harry
Как правильно записать в коде async/await javascript,1,1,23,javascriptasync-awaitpromise,изменён 9 часов назад,Alexander Lonberg
Двойное нажатие ЛКМ,0,0,18,c++,изменён 9 часов назад,Harry
Как озвучить текст на сайте?,1,1,46,javascriptphpjquery,изменён 9 часов назад,Victor says Reinstate Monica
Подключение normalize-scss через NPM и Gulp,0,0,7,gulpnpm,задан 9 часов назад,Stasia
c++ переопределение оператора для разных типов,0,0,27,c++перегрузка-операторовпереопределениеoperator,задан 9 часов назад,Zhihar
Не собираеться проект из DirectX Sample Browser,0,1,13,c++visual-studio-2015directx,изменён 9 часов назад,Victor says Reinstate Monica
Не отображается слайдер в собственной теме,0,1,326,wordpress,изменён 9 часов назад,Дух сообщества
Как ставить Awake'и в очередь,0,1,22,c#unity3d,ответ дан 10 часов назад,Valera Kvip
Браузер не слушает класы,0,0,16,htmlcssgulpscss,задан 10 часов назад,Michael Bochko
Не получается правильно спарсить таблицу с сайта с помощью PHPQuery,0,0,12,phpпарсерphpquery,изменён 10 часов назад,ArchDemon
Закрыть окно по hwnd,0,0,8,windowswindows-10,задан 10 часов назад,Vipz
Компоновка с бинарным файлом ELF,1,0,15,linuxкомпоновщикelfld,задан 10 часов назад,Wanket
Метод Рунге-Кутта 4-го порядка для CДУ C#,1,1,65,c#математикачисленные-методы,изменён 10 часов назад,Svetochka
Файл скачивается не полностью c#,0,0,47,c#,изменён 10 часов назад,waparabka
"Git reflog, reset, checkout",0,0,27,linuxgit,изменён 10 часов назад,0andriy
Невозможно переключиться на alert с двумя полями ввода (NoAlertPresentException: no such alert),0,1,9,pythonpython-3.xseleniumselenium-webdriveralert,ответ дан 11 часов назад,Alex Diumin
Появление текста на jQuery,0,1,18,jquery,изменён 11 часов назад,Igor
точка входа в процедуру SetDefaultDllDirectories не найдена в библиотеке DLL KERNEL32.dll,0,1,8,windows,ответ дан 11 часов назад,t3f
Поиск подстроки с определенным набором символов в нужном порядке,0,0,28,phpрегулярные-выражения,изменён 12 часов назад,Deonis
Помогите организовать навигацию в приложении (Android Jetpack's Navigation),0,0,26,androidandroid-navigation-drawerandroid-navigation-view,изменён 12 часов назад,Andrey Zyritel
"Некорректная работа ApexChart, ошибка “Cannot call a class as a function”",0,0,6,reactjs,задан 12 часов назад,Kolya Cherevan
Как связать модели и сессии в django?,1,0,7,django,задан 12 часов назад,Ilya
Формировать CSV из массива php по команде от ajax и сразу отдаватьклиенту без сохранения на сервере,0,1,21,phpмассивыajaxcsv,изменён 12 часов назад,Suvitruf says Reinstate Monica
Как добавить ReactJS к проекту AspNet?,0,0,20,c#reactjsasp.net-mvcasp.net,задан 12 часов назад,chilo5432
Resourse_methods отличия от items_methods,0,0,9,pythonmongodbeve,задан 14 часов назад,hedgehogues
Дата изменения/добавления строки в google tables,0,2,2,google-docs,изменён 14 часов назад,Роман Ковалев
I cannot use PUT method,0,0,11,pythonmongodbeve,задан 14 часов назад,hedgehogues
Укажите наибольшее возможное значение x,-1,1,48,pythonалгоритмматематикачислаарифметика,изменён 14 часов назад,Harry
Woocommerce цена доставки,0,0,17,javascriptphpwordpresswoocommerce,изменён 14 часов назад,secret_coder
Как встроить js код (javascript) в андроид,0,0,21,javascriptjavaandroidkotlinwebview,задан 15 часов назад,Рамси Хабибуллин
Передача информации из component в app.vue,0,0,13,javascriptvue.js,задан 15 часов назад,Vladislav Komarenko
Laravel + vue pusher система диалогов,1,1,12,laravelvue.jspush-уведомленияrealtimebroadcasting,ответ дан 16 часов назад,Aslero
Как генерируется хэш-сумма для директорий?,3,0,28,pythonpython-3.xхешированиеhashlib,изменён 16 часов назад,Victor says Reinstate Monica
